Name,Email,Role,Department
Karan Nair,karan.nair8@intec-demo.com,Employee,Network & Infrastructure
Gaurav Iyer,gaurav.iyer@intec-demo.com,Employee,Operations
Rohan Gowda,rohan.gowda1@intec-demo.com,IT Engineer,Network & Infrastructure
Saurabh Shah,saurabh.shah@intec-demo.com,Employee,Technical Support
Priya Naidu,priya.naidu1@intec-demo.com,Employee,Network & Infrastructure
Ravi Naidu,ravi.naidu@intec-demo.com,Admin,Administration
Ankit Pandey,ankit.pandey@intec-demo.com,Employee,Human Resources
Sanjay Singh,sanjay.singh@intec-demo.com,Employee,Technical Support
Saurabh Kulkarni,saurabh.kulkarni8@intec-demo.com,Employee,Software Development
Saurabh Tiwari,saurabh.tiwari1@intec-demo.com,Employee,Technical Support
Nisha Deshmukh,nisha.deshmukh22@intec-demo.com,Employee,Network & Infrastructure
Harsh Chatterjee,harsh.chatterjee1@intec-demo.com,Employee,Network & Infrastructure
Sanjay Chopra,sanjay.chopra@intec-demo.com,Employee,Finance
Shruti Patil,shruti.patil99@intec-demo.com,Employee,Software Development
Ritu Reddy,ritu.reddy99@intec-demo.com,Employee,Software Development
Rohit Kulkarni,rohit.kulkarni@intec-demo.com,Employee,Software Development
Vikas Naidu,vikas.naidu1@intec-demo.com,Employee,Operations
Rahul Singh,rahul.singh1@intec-demo.com,Employee,Quality Assurance
Aarti Tiwari,aarti.tiwari8@intec-demo.com,Employee,Administration
Sneha Menon,sneha.menon@intec-demo.com,Employee,Administration
Amit Kulkarni,amit.kulkarni@intec-demo.com,Employee,Software Development
Riya Rao,riya.rao@intec-demo.com,Employee,Sales
Sanjay Jain,sanjay.jain99@intec-demo.com,Employee,Operations
Arjun Gupta,arjun.gupta22@intec-demo.com,Employee,Network & Infrastructure
Sneha Chauhan,sneha.chauhan99@intec-demo.com,Employee,Network & Infrastructure
Shikha Mehta,shikha.mehta1@intec-demo.com,Employee,Software Development
Sanjay Singh,sanjay.singh8@intec-demo.com,Employee,Administration
Kirti Chopra,kirti.chopra@intec-demo.com,IT Engineer,Technical Support
Simran Joshi,simran.joshi1@intec-demo.com,IT Manager,Security
Shikha Singh,shikha.singh@intec-demo.com,Employee,Software Development
Sunil Patil,sunil.patil1@intec-demo.com,Employee,Sales
Anjali Gowda,anjali.gowda22@intec-demo.com,IT Manager,Network & Infrastructure
Deepak Singh,deepak.singh1@intec-demo.com,Employee,Finance
Vikram Pillai,vikram.pillai99@intec-demo.com,Employee,Quality Assurance
Manoj Agarwal,manoj.agarwal@intec-demo.com,Employee,Software Development
Neha Das,neha.das8@intec-demo.com,Employee,Sales
Vikas Shah,vikas.shah22@intec-demo.com,Employee,Sales
Rohan Rao,rohan.rao99@intec-demo.com,Employee,Sales
Kavita Reddy,kavita.reddy@intec-demo.com,Admin,Administration
Aditya Banerjee,aditya.banerjee@intec-demo.com,Employee,Sales
Simran Chauhan,simran.chauhan8@intec-demo.com,Employee,Finance
Sneha Chopra,sneha.chopra8@intec-demo.com,Employee,Human Resources
Megha Pillai,megha.pillai8@intec-demo.com,Employee,Administration
Deepak Deshmukh,deepak.deshmukh8@intec-demo.com,Employee,Software Development
Arjun Das,arjun.das99@intec-demo.com,Employee,Network & Infrastructure
Megha Rao,megha.rao1@intec-demo.com,IT Engineer,Network & Infrastructure
Arjun Das,arjun.das@intec-demo.com,Employee,Operations
Rajesh Reddy,rajesh.reddy@intec-demo.com,Employee,Software Development
Ankit Kapoor,ankit.kapoor22@intec-demo.com,IT Engineer,Network & Infrastructure
Aditya Das,aditya.das@intec-demo.com,Employee,Operations
Aarti Gowda,aarti.gowda@intec-demo.com,Employee,Sales
Ashish Mishra,ashish.mishra22@intec-demo.com,Employee,Security
Anjali Sharma,anjali.sharma99@intec-demo.com,Employee,Technical Support
Rohit Verma,rohit.verma22@intec-demo.com,Employee,Software Development
Nikhil Agarwal,nikhil.agarwal99@intec-demo.com,Employee,Sales
Saurabh Agarwal,saurabh.agarwal@intec-demo.com,IT Engineer,Technical Support
Aarti Reddy,aarti.reddy@intec-demo.com,IT Engineer,Network & Infrastructure
Vivek Gupta,vivek.gupta@intec-demo.com,Employee,Human Resources
Deepak Rao,deepak.rao1@intec-demo.com,Employee,Human Resources
Nikhil Naidu,nikhil.naidu@intec-demo.com,Employee,Human Resources
Gaurav Reddy,gaurav.reddy99@intec-demo.com,Employee,Software Development
Sneha Chopra,sneha.chopra@intec-demo.com,Employee,Software Development
Aarti Pillai,aarti.pillai@intec-demo.com,Admin,Administration
Rajesh Deshmukh,rajesh.deshmukh8@intec-demo.com,Employee,Finance
Kavita Das,kavita.das@intec-demo.com,IT Engineer,Network & Infrastructure
Shikha Joshi,shikha.joshi@intec-demo.com,Employee,Network & Infrastructure
Karan Chopra,karan.chopra22@intec-demo.com,Employee,Quality Assurance
Shikha Chatterjee,shikha.chatterjee@intec-demo.com,Employee,Administration
Nisha Iyer,nisha.iyer@intec-demo.com,Employee,Security
Shikha Naidu,shikha.naidu99@intec-demo.com,Employee,Technical Support
Ritu Iyer,ritu.iyer@intec-demo.com,Employee,Network & Infrastructure
Rohan Naidu,rohan.naidu1@intec-demo.com,Employee,Finance
Ritu Iyer,ritu.iyer8@intec-demo.com,Employee,Operations
Nisha Kapoor,nisha.kapoor22@intec-demo.com,Employee,Administration
Priya Das,priya.das@intec-demo.com,Employee,Sales
Shikha Tiwari,shikha.tiwari8@intec-demo.com,Employee,Sales
Pooja Pillai,pooja.pillai@intec-demo.com,Employee,Software Development
Kirti Kumar,kirti.kumar22@intec-demo.com,Employee,Software Development
Harsh Jain,harsh.jain1@intec-demo.com,Employee,Network & Infrastructure
Kirti Chauhan,kirti.chauhan@intec-demo.com,Employee,Human Resources
Harsh Sharma,harsh.sharma8@intec-demo.com,Employee,Technical Support
Vikram Shah,vikram.shah22@intec-demo.com,Employee,Network & Infrastructure
Harsh Verma,harsh.verma@intec-demo.com,Employee,Operations
Saurabh Kumar,saurabh.kumar8@intec-demo.com,Employee,Human Resources
Rohan Chatterjee,rohan.chatterjee1@intec-demo.com,Employee,Operations
Priya Reddy,priya.reddy22@intec-demo.com,Employee,Sales
Gaurav Agarwal,gaurav.agarwal@intec-demo.com,Employee,Finance
Nisha Verma,nisha.verma@intec-demo.com,Employee,Software Development
Ravi Chatterjee,ravi.chatterjee@intec-demo.com,Employee,Software Development
Aarti Iyer,aarti.iyer@intec-demo.com,Employee,Software Development
Sneha Sengupta,sneha.sengupta@intec-demo.com,Employee,Software Development
Shruti Shah,shruti.shah99@intec-demo.com,Employee,Quality Assurance
Karan Agarwal,karan.agarwal1@intec-demo.com,Employee,Network & Infrastructure
Vivek Tiwari,vivek.tiwari22@intec-demo.com,Employee,Sales
Megha Singh,megha.singh@intec-demo.com,Employee,Sales
Divya Pillai,divya.pillai1@intec-demo.com,Employee,Administration
Sanjay Mehta,sanjay.mehta99@intec-demo.com,Employee,Security
Riya Kapoor,riya.kapoor99@intec-demo.com,Employee,Administration
Priya Kapoor,priya.kapoor99@intec-demo.com,Employee,Network & Infrastructure
Vikas Tiwari,vikas.tiwari8@intec-demo.com,Employee,Operations
Karan Chatterjee,karan.chatterjee1@intec-demo.com,Employee,Software Development
Anjali Das,anjali.das1@intec-demo.com,Employee,Quality Assurance
Anjali Menon,anjali.menon1@intec-demo.com,Employee,Security
Harsh Iyer,harsh.iyer22@intec-demo.com,Employee,Software Development
Priya Mishra,priya.mishra@intec-demo.com,Employee,Finance
Arjun Menon,arjun.menon@intec-demo.com,Employee,Quality Assurance
Divya Rao,divya.rao@intec-demo.com,Employee,Software Development
Rahul Joshi,rahul.joshi22@intec-demo.com,Employee,Operations
Aarti Yadav,aarti.yadav@intec-demo.com,Admin,Administration
Vivek Bose,vivek.bose99@intec-demo.com,Employee,Network & Infrastructure
Megha Chauhan,megha.chauhan@intec-demo.com,Employee,Software Development
Karan Das,karan.das@intec-demo.com,Employee,Operations
Amit Singh,amit.singh22@intec-demo.com,Employee,Software Development
Deepak Chauhan,deepak.chauhan@intec-demo.com,Employee,Software Development
Rahul Das,rahul.das22@intec-demo.com,Employee,Operations
Neha Joshi,neha.joshi22@intec-demo.com,Employee,Technical Support
Aarti Pandey,aarti.pandey22@intec-demo.com,Employee,Administration
Rajesh Banerjee,rajesh.banerjee1@intec-demo.com,Employee,Operations
Kirti Deshmukh,kirti.deshmukh22@intec-demo.com,Employee,Human Resources
Shikha Joshi,shikha.joshi8@intec-demo.com,Employee,Software Development
Sneha Gowda,sneha.gowda8@intec-demo.com,Employee,Operations
Shruti Chatterjee,shruti.chatterjee@intec-demo.com,Employee,Human Resources
Ravi Kapoor,ravi.kapoor99@intec-demo.com,Employee,Sales
Ritu Chopra,ritu.chopra8@intec-demo.com,Employee,Sales
Gaurav Kulkarni,gaurav.kulkarni@intec-demo.com,Employee,Software Development
Ravi Gupta,ravi.gupta22@intec-demo.com,Employee,Sales
Vivek Chatterjee,vivek.chatterjee@intec-demo.com,Employee,Software Development
Rohan Patil,rohan.patil22@intec-demo.com,Employee,Operations
Rahul Verma,rahul.verma@intec-demo.com,Employee,Software Development
Ashish Mehta,ashish.mehta@intec-demo.com,Employee,Software Development
Neha Das,neha.das99@intec-demo.com,Employee,Software Development
Shikha Menon,shikha.menon@intec-demo.com,Employee,Human Resources
Aarti Sharma,aarti.sharma@intec-demo.com,Employee,Software Development
Nisha Gowda,nisha.gowda@intec-demo.com,Employee,Software Development
Riya Kulkarni,riya.kulkarni@intec-demo.com,Employee,Finance
Karan Chopra,karan.chopra@intec-demo.com,Employee,Technical Support
Rahul Gowda,rahul.gowda22@intec-demo.com,Employee,Operations
Ashish Naidu,ashish.naidu22@intec-demo.com,Employee,Technical Support
Aarti Agarwal,aarti.agarwal@intec-demo.com,Employee,Human Resources
Ravi Agarwal,ravi.agarwal@intec-demo.com,Employee,Software Development
Riya Sharma,riya.sharma1@intec-demo.com,Employee,Software Development
Kirti Jain,kirti.jain22@intec-demo.com,IT Engineer,Network & Infrastructure
Nikhil Shah,nikhil.shah@intec-demo.com,Employee,Software Development
Saurabh Naidu,saurabh.naidu99@intec-demo.com,Employee,Software Development
Simran Naidu,simran.naidu@intec-demo.com,Employee,Network & Infrastructure
Amit Singh,amit.singh8@intec-demo.com,Employee,Administration
Sneha Nair,sneha.nair@intec-demo.com,Employee,Administration
Vivek Das,vivek.das8@intec-demo.com,Employee,Software Development
Deepak Gupta,deepak.gupta8@intec-demo.com,Employee,Operations
Nikhil Chatterjee,nikhil.chatterjee8@intec-demo.com,Employee,Operations
Kirti Chopra,kirti.chopra22@intec-demo.com,IT Engineer,Technical Support
Rajesh Menon,rajesh.menon@intec-demo.com,Employee,Operations
Sunil Agarwal,sunil.agarwal@intec-demo.com,Employee,Administration
Shikha Bose,shikha.bose22@intec-demo.com,Employee,Network & Infrastructure
Megha Pandey,megha.pandey1@intec-demo.com,Employee,Sales
Saurabh Chauhan,saurabh.chauhan8@intec-demo.com,Employee,Software Development
Aditya Shah,aditya.shah1@intec-demo.com,Employee,Finance
Ankit Reddy,ankit.reddy@intec-demo.com,IT Engineer,Security
Aarti Patil,aarti.patil8@intec-demo.com,Employee,Software Development
Shruti Chauhan,shruti.chauhan8@intec-demo.com,Employee,Network & Infrastructure
Anjali Menon,anjali.menon22@intec-demo.com,IT Engineer,Technical Support
Rohan Tiwari,rohan.tiwari@intec-demo.com,IT Engineer,Technical Support
Ankit Mishra,ankit.mishra@intec-demo.com,Employee,Finance
Arjun Tiwari,arjun.tiwari8@intec-demo.com,Employee,Software Development
Rohan Pillai,rohan.pillai1@intec-demo.com,Employee,Software Development
Nisha Jain,nisha.jain1@intec-demo.com,Employee,Technical Support
Megha Kulkarni,megha.kulkarni@intec-demo.com,Employee,Operations
Riya Patil,riya.patil1@intec-demo.com,Employee,Software Development
Aditya Kapoor,aditya.kapoor22@intec-demo.com,Employee,Software Development
Kavita Shah,kavita.shah22@intec-demo.com,Employee,Software Development
Vikram Gupta,vikram.gupta@intec-demo.com,Employee,Quality Assurance
Priyanshu Verma,priyanshu.verma@intec-demo.com,Employee,Finance
Rohit Joshi,rohit.joshi8@intec-demo.com,Employee,Network & Infrastructure
Megha Chatterjee,megha.chatterjee1@intec-demo.com,Employee,Administration
Rajesh Agarwal,rajesh.agarwal1@intec-demo.com,Employee,Quality Assurance
Anjali Bose,anjali.bose99@intec-demo.com,Employee,Technical Support
Aditya Shah,aditya.shah8@intec-demo.com,Employee,Technical Support
Deepak Gowda,deepak.gowda99@intec-demo.com,Employee,Software Development
Anjali Kulkarni,anjali.kulkarni22@intec-demo.com,Employee,Quality Assurance
Arjun Mishra,arjun.mishra@intec-demo.com,Employee,Quality Assurance
Nikhil Singh,nikhil.singh@intec-demo.com,Employee,Software Development
Pooja Singh,pooja.singh@intec-demo.com,IT Engineer,Network & Infrastructure
Vikas Singh,vikas.singh22@intec-demo.com,Employee,Software Development
Aditya Tiwari,aditya.tiwari8@intec-demo.com,IT Manager,Technical Support
Rohit Banerjee,rohit.banerjee99@intec-demo.com,Employee,Software Development
Sanjay Kulkarni,sanjay.kulkarni@intec-demo.com,Employee,Network & Infrastructure
Sanjay Rao,sanjay.rao99@intec-demo.com,Employee,Software Development
Vivek Agarwal,vivek.agarwal22@intec-demo.com,Employee,Technical Support
Priyanshu Iyer,priyanshu.iyer1@intec-demo.com,Employee,Software Development
Vivek Kulkarni,vivek.kulkarni1@intec-demo.com,Employee,Administration
Sanjay Iyer,sanjay.iyer22@intec-demo.com,IT Engineer,Security
Shruti Das,shruti.das1@intec-demo.com,IT Engineer,Network & Infrastructure
Arjun Yadav,arjun.yadav@intec-demo.com,Employee,Software Development
Kirti Mehta,kirti.mehta@intec-demo.com,Employee,Finance
Amit Reddy,amit.reddy@intec-demo.com,Employee,Technical Support
Nisha Joshi,nisha.joshi@intec-demo.com,Employee,Sales
Shruti Tiwari,shruti.tiwari1@intec-demo.com,Employee,Finance
Sneha Joshi,sneha.joshi22@intec-demo.com,Employee,Operations
Rahul Chatterjee,rahul.chatterjee22@intec-demo.com,Employee,Operations
Priyanshu Bose,priyanshu.bose@intec-demo.com,Employee,Operations
Divya Chatterjee,divya.chatterjee@intec-demo.com,Employee,Technical Support
Nikhil Naidu,nikhil.naidu1@intec-demo.com,Employee,Software Development
Kirti Tiwari,kirti.tiwari8@intec-demo.com,Employee,Finance
Harsh Pandey,harsh.pandey99@intec-demo.com,Employee,Software Development
Sneha Agarwal,sneha.agarwal@intec-demo.com,Employee,Finance
Karan Kumar,karan.kumar@intec-demo.com,Employee,Administration
Priya Chauhan,priya.chauhan8@intec-demo.com,IT Manager,Technical Support
Aarti Das,aarti.das1@intec-demo.com,Employee,Sales
Simran Verma,simran.verma1@intec-demo.com,Employee,Sales
Ankit Das,ankit.das8@intec-demo.com,Employee,Network & Infrastructure
Rajesh Bose,rajesh.bose22@intec-demo.com,Employee,Human Resources
Rohit Deshmukh,rohit.deshmukh@intec-demo.com,Employee,Network & Infrastructure
Simran Sengupta,simran.sengupta22@intec-demo.com,Employee,Technical Support
Pooja Tiwari,pooja.tiwari99@intec-demo.com,Employee,Security
Priya Tiwari,priya.tiwari@intec-demo.com,Employee,Software Development
Divya Agarwal,divya.agarwal@intec-demo.com,Employee,Sales
Ashish Pillai,ashish.pillai22@intec-demo.com,Employee,Software Development
Rajesh Kapoor,rajesh.kapoor22@intec-demo.com,Employee,Finance
Deepak Rao,deepak.rao@intec-demo.com,Employee,Technical Support
Shikha Sharma,shikha.sharma8@intec-demo.com,Employee,Finance
Nisha Tiwari,nisha.tiwari22@intec-demo.com,Employee,Sales
Sanjay Das,sanjay.das22@intec-demo.com,Employee,Operations
Ashish Jain,ashish.jain99@intec-demo.com,Employee,Security
Aarti Yadav,aarti.yadav1@intec-demo.com,Employee,Sales
Priya Kulkarni,priya.kulkarni1@intec-demo.com,Employee,Software Development
Gaurav Chauhan,gaurav.chauhan99@intec-demo.com,Employee,Network & Infrastructure
Vikram Mishra,vikram.mishra99@intec-demo.com,Employee,Software Development
Arjun Nair,arjun.nair@intec-demo.com,Employee,Operations
Harsh Agarwal,harsh.agarwal1@intec-demo.com,IT Engineer,Technical Support
Kirti Joshi,kirti.joshi22@intec-demo.com,Employee,Software Development
Vikram Deshmukh,vikram.deshmukh@intec-demo.com,Employee,Technical Support
Divya Agarwal,divya.agarwal99@intec-demo.com,Employee,Software Development
Saurabh Pandey,saurabh.pandey@intec-demo.com,Employee,Sales
Riya Kumar,riya.kumar8@intec-demo.com,Employee,Human Resources
Pooja Kumar,pooja.kumar1@intec-demo.com,Employee,Technical Support
Kirti Pandey,kirti.pandey8@intec-demo.com,Admin,Administration
Swati Tiwari,swati.tiwari8@intec-demo.com,Employee,Technical Support
Anjali Mehta,anjali.mehta1@intec-demo.com,IT Engineer,Technical Support
Nikhil Iyer,nikhil.iyer99@intec-demo.com,Employee,Operations
Rajesh Das,rajesh.das22@intec-demo.com,Employee,Finance
Kavita Patil,kavita.patil99@intec-demo.com,Employee,Security
Aditya Nair,aditya.nair8@intec-demo.com,IT Manager,Network & Infrastructure
Nisha Mishra,nisha.mishra@intec-demo.com,Employee,Network & Infrastructure
Pooja Joshi,pooja.joshi@intec-demo.com,Employee,Software Development
Aarti Chatterjee,aarti.chatterjee@intec-demo.com,Employee,Network & Infrastructure
Manoj Chauhan,manoj.chauhan8@intec-demo.com,Employee,Sales
Vikas Chopra,vikas.chopra1@intec-demo.com,Employee,Human Resources
Vikas Verma,vikas.verma@intec-demo.com,Employee,Operations
Ravi Das,ravi.das@intec-demo.com,Employee,Operations
Ravi Tiwari,ravi.tiwari@intec-demo.com,Employee,Software Development